Title,URL
Il Soo Sik Dae Ryun (1 step sparring) 26-30,https://www.youtube.com/watch?v=dcsgmRmmAss
Niahanchi Sam Dan,https://www.youtube.com/watch?v=-HAid7kXpZ8
Niahanchi E Dan,https://www.youtube.com/watch?v=34B7cm80_zI
Bo Staff 1 Steps 21-25,https://www.youtube.com/watch?v=dom7Iq__hqE
Bo Staff 1 Steps 16-20,https://www.youtube.com/watch?v=-hYMwVNhH8o
Bo Staff 1 Steps 11-15,https://www.youtube.com/watch?v=gjniNGbuPh4
Bo Staff 1 Steps 6-10,https://www.youtube.com/watch?v=qRzaGcJJ2E0
Bo Staff 1 Steps 1-5,https://www.youtube.com/watch?v=nZnX0kgs_Sw
Bo Staff 1 Steps 26-30,https://www.youtube.com/watch?v=JLr2zCxpXME
Il Soo Sik Dae Ryun (1 step sparring) 21-25,https://www.youtube.com/watch?v=O_qJ9UYpzKU
Sip Soo,https://www.youtube.com/watch?v=XmgnZGCY3xI
Naihanchi Cho Dan,https://www.youtube.com/watch?v=ibhvaw9nttM
Bassai,https://www.youtube.com/watch?v=KaxkLdtlT6g
Bong Hyung Sam Bu,https://www.youtube.com/watch?v=qbyg6v2dj5s
Bong Hyung E Bu,https://www.youtube.com/watch?v=Ad__yy0pAIU
Bong Hyung Il Bu,https://www.youtube.com/watch?v=QamIx3uVjgU
Il Soo Sik Dae Ryun (1 Step Sparring) 6-10,https://www.youtube.com/watch?v=oB6q-AxH0cs
Il Soo Sik Dae Ryun (1 Step Sparring) 11-15,https://www.youtube.com/watch?v=flCo2tl5_3Y
Il Soo Sik Dae Ryun (1 step sparring) 16-20,https://www.youtube.com/watch?v=wotAiTXp9KU
Il Soo Sik Dae Ryun (1 Step Sparring) 1-5,https://www.youtube.com/watch?v=I4dj-SSDh3Q
Pyung Ahn O Dan - Side view,https://www.youtube.com/watch?v=xcQgQzaS9cI
Pyung Ahn O Dan,https://www.youtube.com/watch?v=eUSetwIN_1Q
Pyung Ahn Sah Dan - Side view,https://www.youtube.com/watch?v=hdcTJwYGNrc
Pyung Ahn Sah Dan,https://www.youtube.com/watch?v=s8Aql1HXlBQ
Pyung Ahn Sam Dan,https://www.youtube.com/watch?v=-R8qsIB85Hk
Pyung Ahn E Dan - Side view,https://www.youtube.com/watch?v=M0hx-9kSlzI
Pyung Ahn E Dan,https://www.youtube.com/watch?v=Dp2DotewXDM
Pyung Ahn Cho Dan - Side view,https://www.youtube.com/watch?v=lPQ3kMByPh4
Pyung Ahn Cho Dan,https://www.youtube.com/watch?v=g7jCHOS8Mik
Ki Cho Hyung Sam Bu,https://www.youtube.com/watch?v=fGZHaDNMa2Y
Ki Cho Hyung E Bu,https://www.youtube.com/watch?v=eRU1XWLhWw8
Ki Cho Hyung Il Bu,https://www.youtube.com/watch?v=xA7850ho2Ms
